post,ocumtj,2qh1i,askreddit,false,1625303765,https://old.reddit.com/r/AskReddit/comments/ocumtj/what_is_the_best_way_to_remove_chocolate_milk/,self.askreddit,,[removed],What is the best way to remove chocolate milk from your carpet and bed mattres before parents come home?? ;(,1
post,ocums0,2qh1i,askreddit,false,1625303760,https://old.reddit.com/r/AskReddit/comments/ocums0/struggling_to_find_something_worth_watching_what/,self.askreddit,https://www.reddit.com/r/AskReddit/comments/ocums0/struggling_to_find_something_worth_watching_what/,,Struggling to find something worth watching. What documentaries did you love?,6
post,ocumrd,2qh1i,askreddit,false,1625303757,https://old.reddit.com/r/AskReddit/comments/ocumrd/what_is_something_that_a_lot_of_people_like_but/,self.askreddit,,[removed],What is something that a lot of people like but you cannot stand?,2345
post,ocumo3,2qh1i,askreddit,false,1625303743,https://old.reddit.com/r/AskReddit/comments/ocumo3/amc_going_up_it_should_be_has_anyone_gone_to_the/,self.askreddit,,[removed],"AMC going up, it should be. Has anyone gone to the movies recently? I got two popcorns two drinks m and m s and cookie dough bites, it cost 47$ ! The tickets for 2 adults one senior and two kids another 75$! Whoa! 120$ to go to the movies and they think people can live on 8$ an hour. Hahaha",1
post,ocumkl,2qh1i,askreddit,false,1625303729,https://old.reddit.com/r/AskReddit/comments/ocumkl/what_nsfw_content_ens_up_being_new_subjects_for/,self.askreddit,https://www.reddit.com/r/AskReddit/comments/ocumkl/what_nsfw_content_ens_up_being_new_subjects_for/,,"What NSFW content ens up being ""New Subjects For Work""?",4
post,ocumhe,2qh1i,askreddit,false,1625303717,https://old.reddit.com/r/AskReddit/comments/ocumhe/youtubers_of_reddit_what_is_the_most_stupidest/,self.askreddit,https://www.reddit.com/r/AskReddit/comments/ocumhe/youtubers_of_reddit_what_is_the_most_stupidest/,,"Youtubers of reddit, what is the most stupidest comments you got?",7
post,ocumhf,2qh1i,askreddit,false,1625303717,https://old.reddit.com/r/AskReddit/comments/ocumhf/favorite_videogame/,self.askreddit,,[removed],Favorite videogame?,1
post,ocumd9,2qh1i,askreddit,false,1625303705,https://old.reddit.com/r/AskReddit/comments/ocumd9/i_keep_dreaming_my_family_members_are_being/,self.askreddit,,[removed],"I keep dreaming my family members are being murdered and waking up crying, Have you ever woke up crying from a dream?",1
post,ocumck,2qh1i,askreddit,false,1625303703,https://old.reddit.com/r/AskReddit/comments/ocumck/explain_what_is_ppc_or_pay_per_click_advertising/,self.askreddit,,[removed],Explain what is PPC or Pay Per Click advertising?,1
post,ocumbn,2qh1i,askreddit,false,1625303700,https://old.reddit.com/r/AskReddit/comments/ocumbn/what_documentaries_did_you_really_enjoy/,self.askreddit,,[removed],What documentaries did you really enjoy? Struggling to find something good,1
post,ocumb7,2qh1i,askreddit,false,1625303699,https://old.reddit.com/r/AskReddit/comments/ocumb7/folks_who_had_jeep_commander_2006_why_i_should/,self.askreddit,,[removed],"Folks who had Jeep Commander 2006, why I should/ should not buy this car?",1
post,ocum9q,2qh1i,askreddit,false,1625303693,https://old.reddit.com/r/AskReddit/comments/ocum9q/people_who_went_to_school_with_people_who_did/,self.askreddit,https://www.reddit.com/r/AskReddit/comments/ocum9q/people_who_went_to_school_with_people_who_did/,,people who went to school with people who did drugs what was it like?,6
post,ocum8x,2qh1i,askreddit,false,1625303690,https://old.reddit.com/r/AskReddit/comments/ocum8x/what_is_the_best_way_to_remove_chocolate_milk/,self.askreddit,,[removed],What is the best way to remove chocolate milk from your carpet and bed before your parents come home? ;),1
post,ocum5v,2qh1i,askreddit,false,1625303680,https://old.reddit.com/r/AskReddit/comments/ocum5v/hows_the_life_in_usa/,self.askreddit,https://www.reddit.com/r/AskReddit/comments/ocum5v/hows_the_life_in_usa/,,How's the life in USA??,11
post,ocum5j,2qh1i,askreddit,false,1625303679,https://old.reddit.com/r/AskReddit/comments/ocum5j/which_characters_have_the_most_legendary_plot/,self.askreddit,https://www.reddit.com/r/AskReddit/comments/ocum5j/which_characters_have_the_most_legendary_plot/,,Which characters have the most legendary plot armor?,289
post,ocum10,2qh1i,askreddit,false,1625303662,https://old.reddit.com/r/AskReddit/comments/ocum10/mention_what_are_the_key_areas_where_you_can_use/,self.askreddit,,[removed],Mention what are the key areas where you can use keywords to optimize the site ranking?,1
post,ocum0l,2qh1i,askreddit,false,1625303660,https://old.reddit.com/r/AskReddit/comments/ocum0l/how_would_you_spend_a_gift_of_100000_in_10_hours/,self.askreddit,https://www.reddit.com/r/AskReddit/comments/ocum0l/how_would_you_spend_a_gift_of_100000_in_10_hours/,,"How would you spend a gift of $100,000 in 10 hours ?",9
post,oculv4,2qh1i,askreddit,false,1625303641,https://old.reddit.com/r/AskReddit/comments/oculv4/serious_do_you_think_relationship_is_overrated/,self.askreddit,https://www.reddit.com/r/AskReddit/comments/oculv4/serious_do_you_think_relationship_is_overrated/,,[Serious] Do you think relationship is overrated? Why or why not?,2
post,oculuj,2qh1i,askreddit,false,1625303640,https://old.reddit.com/r/AskReddit/comments/oculuj/what_are_the_best_ways_to_speed_up_a_slow_computer/,self.askreddit,https://www.reddit.com/r/AskReddit/comments/oculuj/what_are_the_best_ways_to_speed_up_a_slow_computer/,,What are the best ways to speed up a slow computer?,7
post,oculuc,2qh1i,askreddit,false,1625303639,https://old.reddit.com/r/AskReddit/comments/oculuc/why_some_best_comments_suddenly_move_downwards/,self.askreddit,https://www.reddit.com/r/AskReddit/comments/oculuc/why_some_best_comments_suddenly_move_downwards/,,"Why some ""best comments"" suddenly move downwards without even refreshing?",5
post,oculs4,2qh1i,askreddit,false,1625303631,https://old.reddit.com/r/AskReddit/comments/oculs4/hows_the_life_in_usa/,self.askreddit,,[removed],How's the life in USA,1
post,oculr8,2qh1i,askreddit,false,1625303629,https://old.reddit.com/r/AskReddit/comments/oculr8/how_is_there_a_way_to_scroll_videos_upstop_them/,self.askreddit,,[removed],how/ is there a way to scroll videos up/stop them like before in reddit app? so they dont take ½ of the comment view/play when you try to read comments?,1
post,oculqu,2qh1i,askreddit,false,1625303628,https://old.reddit.com/r/AskReddit/comments/oculqu/whwt_documentaries_did_you_love/,self.askreddit,,[removed],Whwt documentaries did you love?,1
post,oculd8,2qh1i,askreddit,false,1625303575,https://old.reddit.com/r/AskReddit/comments/oculd8/who_do_you_look_up_to_the_most_and_what_qualities/,self.askreddit,,[deleted],"Who do you look up to the most, and what qualities do you love about that person?",3
post,oculcm,2qh1i,askreddit,false,1625303572,https://old.reddit.com/r/AskReddit/comments/oculcm/explain_what_is_a_keyword_in_digital_marketing/,self.askreddit,,[removed],Explain what is a keyword in digital marketing ? How important is it from the point of SEO?,1
post,oculah,2qh1i,askreddit,false,1625303565,https://old.reddit.com/r/AskReddit/comments/oculah/is_it_true_that_if_you_dont_use_it_you_lose_it/,self.askreddit,,[removed],"Is it true that, “If you don’t use it, you lose it?”",1
post,ocul7v,2qh1i,askreddit,false,1625303555,https://old.reddit.com/r/AskReddit/comments/ocul7v/what_is_your_favorite_drivethrough/,self.askreddit,https://www.reddit.com/r/AskReddit/comments/ocul7v/what_is_your_favorite_drivethrough/,,What is your favorite drive-through?,5
post,ocul4z,2qh1i,askreddit,false,1625303546,https://old.reddit.com/r/AskReddit/comments/ocul4z/serious_whats_a_sfw_way_to_explain_the_aheago/,self.askreddit,,[removed],(SERIOUS) WHAT'S A SFW WAY TO EXPLAIN THE AHEAGO FACE TO NON WEEBS?,0
post,ocul4q,2qh1i,askreddit,false,1625303545,https://old.reddit.com/r/AskReddit/comments/ocul4q/will_you_see_this_post/,self.askreddit,,[removed],Will you see this post https://www.reddit.com/r/AskReddit/comments/ocu5y1/how_would_you_fortify_your_citytown_in_a_zombie/?utm_medium=android_app&amp;utm_source=share ??,1
post,ocukxs,2qh1i,askreddit,false,1625303517,https://old.reddit.com/r/AskReddit/comments/ocukxs/what_do_you_hope_your_last_words_are/,self.askreddit,https://www.reddit.com/r/AskReddit/comments/ocukxs/what_do_you_hope_your_last_words_are/,,What do you hope your last words are?,5
